#MODE	github
#User ID
8831
7718
1738
6581
4904
8667
7185
8749
1660
4229
1574
6192
2950
739
8741
1517
7795
986
8356
1698
8224
5662
5604
2463
3900
2719
1890
5438
3369
5878
3439
7412
7218
7071
906
389
3096
429
9009
4889
4461
5881
2855
9104
2592
9020
2799
5115
6555
8297
5122
309
3566
6680
7895
6927
9084
1177
7766
5344
6371
5755
7159
2763
1406
9681
2757
6763
8393
1907
4739
1445
4311
6864
9707
5665
372
9464
5139
7950
3203
6603
2629
7166
3585
1165
5071
878
987
7542
7170
1021
6258
6888
5256
2369
31
3656
8795
9832
