#MODE	instagram
#User ID
1874
9050
7771
8216
7245
4704
2843
4181
354
7077
6945
8787
6124
2767
7547
3200
8848
4942
2997
4895
5039
9517
9981
1293
1310
6783
3417
8771
4653
670
318
1597
5498
3647
8681
7284
399
3004
3845
2769
45
3026
5223
5806
2255
9677
9397
573
1105
1918
4608
8537
911
4089
3776
6760
9117
4017
3534
4860
5352
9285
9456
832
5251
5142
1128
2788
5052
5275
7721
7712
1398
2365
7722
4038
1495
9585
4515
4351
9842
2551
9077
2359
3347
7448
1351
319
3750
3645
9854
732
4412
9278
5041
7028
6853
4076
7647
6060
