#MODE	linkedin
#User ID
7827
7642
6074
7905
8713
728
5892
6727
4195
1855
6536
5832
4767
6684
1174
6961
5133
121
8831
343
5751
1811
2853
3913
2275
5818
8984
1952
882
4230
4020
1723
4882
5043
546
9736
6395
7254
1922
3327
3603
2530
1146
6600
2476
6095
2086
1403
4858
608
6658
9955
6588
4398
2434
9268
5082
5176
8096
5250
6214
562
3691
4927
7592
8745
6341
408
6202
8355
5730
3260
831
6940
6849
6628
8082
7973
8965
8474
138
5651
8749
4388
3407
7384
2126
3374
7728
6561
1340
1157
7736
8348
8269
9771
2361
8401
9969
6198
